feature,mean_absolute_shap
backlogs,0.13625662
coding_skill_score,0.086930014
internships_count,0.086566344
projects_count,0.08626699
mock_interview_score,0.06935235
logical_reasoning_score,0.0544162
aptitude_score,0.053469885
communication_skill_score,0.047712103
leadership_score,0.03544891
extracurricular_score,0.030559022
attendance_percentage,0.016389327
cgpa,0.015098723
student_id,0.010291367
sleep_hours,0.009856807
certifications_count,0.00903528
linkedin_connections,0.007973486
study_hours_per_day,0.0074144998
github_repos,0.006629058
branch,0.0045637437
age,0.003761579
hackathons_participated,0.0021506373
volunteer_experience,0.0015051111
gender,0.0011796512
college_tier,0.0003574382
